id,season_id,season_name,competition,rank,team_id,team_name,team_abbr,ap_pct,games_played,wins,losses,home_record,away_record,home_wins,home_losses,away_wins,away_losses,points_for,points_against,point_diff,qualified_playoffs,finish_stage,finish_stage_order,is_champion,source
1,1,2008-09,NBB,1,6,,FLA,92.9,28,26,2,13-1,13-1,13,1,13,1,2616,2224,392,1,campeão,6,1,computed_from_games
2,1,2008-09,NBB,2,4,,BRA,78.6,28,22,6,12-2,10-4,12,2,10,4,2442,2208,234,1,vice-campeão,5,0,computed_from_games
3,1,2008-09,NBB,3,11,,MIN,75.0,28,21,7,12-2,9-5,12,2,9,5,2428,2212,216,1,semifinal,4,0,computed_from_games
4,1,2008-09,NBB,4,8,,JOI,75.0,28,21,7,12-2,9-5,12,2,9,5,2320,2108,212,1,semifinal,4,0,computed_from_games
5,1,2008-09,NBB,5,10,,LIM,64.3,28,18,10,12-2,6-8,12,2,6,8,2399,2307,92,1,quartas,3,0,computed_from_games
6,1,2008-09,NBB,6,13,,PIN,57.1,28,16,12,11-3,5-9,11,3,5,9,2438,2336,102,1,quartas,3,0,computed_from_games
7,1,2008-09,NBB,7,3,,BAU,57.1,28,16,12,11-3,5-9,11,3,5,9,2288,2195,93,1,quartas,3,0,computed_from_games
8,1,2008-09,NBB,8,7,,FRA,57.1,28,16,12,11-3,5-9,11,3,5,9,2271,2201,70,1,quartas,3,0,computed_from_games
9,1,2008-09,NBB,9,12,,CAP,39.3,28,11,17,8-6,3-11,8,6,3,11,2161,2308,-147,0,não classificou,0,0,computed_from_games
10,1,2008-09,NBB,10,5,,ESB,35.7,28,10,18,6-8,4-10,6,8,4,10,2100,2211,-111,0,não classificou,0,0,computed_from_games
11,1,2008-09,NBB,11,2,,ASS,35.7,28,10,18,7-7,3-11,7,7,3,11,2078,2239,-161,0,não classificou,0,0,computed_from_games
12,1,2008-09,NBB,12,1,,ARA,28.6,28,8,20,6-8,2-12,6,8,2,12,2099,2261,-162,0,não classificou,0,0,computed_from_games
13,1,2008-09,NBB,13,15,,SJO,25.0,28,7,21,7-7,0-14,7,7,0,14,2164,2313,-149,0,não classificou,0,0,computed_from_games
14,1,2008-09,NBB,14,9,,LAJ,14.3,28,4,24,3-11,1-13,3,11,1,13,2047,2339,-292,0,não classificou,0,0,computed_from_games
15,1,2008-09,NBB,15,14,,SAL,14.3,28,4,24,3-11,1-13,3,11,1,13,2037,2426,-389,0,não classificou,0,0,computed_from_games
16,2,2009-10,NBB,1,4,,BRA,80.8,26,21,5,12-1,9-4,12,1,9,4,2351,2098,253,1,campeão,6,1,computed_from_games
17,2,2009-10,NBB,2,6,,FLA,76.9,26,20,6,12-1,8-5,12,1,8,5,2368,2009,359,1,vice-campeão,5,0,computed_from_games
18,2,2009-10,NBB,3,7,,FRA,65.4,26,17,9,11-2,6-7,11,2,6,7,2209,2084,125,1,semifinal,4,0,computed_from_games
19,2,2009-10,NBB,4,11,,MIN,65.4,26,17,9,9-4,8-5,9,4,8,5,2283,2189,94,1,semifinal,4,0,computed_from_games
20,2,2009-10,NBB,5,8,,JOI,57.7,26,15,11,9-4,6-7,9,4,6,7,2040,2035,5,1,quartas,3,0,computed_from_games
21,2,2009-10,NBB,6,13,,PIN,53.8,26,14,12,9-4,5-8,9,4,5,8,2252,2225,27,1,quartas,3,0,computed_from_games
22,2,2009-10,NBB,7,15,,SJO,50.0,26,13,13,10-3,3-10,10,3,3,10,2064,2061,3,1,quartas,3,0,computed_from_games
23,2,2009-10,NBB,8,3,,BAU,46.2,26,12,14,11-2,1-12,11,2,1,12,2193,2153,40,1,quartas,3,0,computed_from_games
24,2,2009-10,NBB,9,2,,ASS,42.3,26,11,15,6-7,5-8,6,7,5,8,2014,2106,-92,1,oitavas,2,0,computed_from_games
25,2,2009-10,NBB,10,1,,ARA,38.5,26,10,16,8-5,2-11,8,5,2,11,2070,2072,-2,1,oitavas,2,0,computed_from_games
26,2,2009-10,NBB,11,12,,CAP,34.6,26,9,17,6-7,3-10,6,7,3,10,2078,2232,-154,1,oitavas,2,0,computed_from_games
27,2,2009-10,NBB,12,5,,ESB,34.6,26,9,17,7-6,2-11,7,6,2,11,1875,2057,-182,1,oitavas,2,0,computed_from_games
28,2,2009-10,NBB,13,16,,LON,30.8,26,8,18,6-7,2-11,6,7,2,11,2028,2203,-175,0,não classificou,0,0,computed_from_games
29,2,2009-10,NBB,14,14,,SAL,23.1,26,6,20,4-9,2-11,4,9,2,11,1872,2173,-301,0,não classificou,0,0,computed_from_games
30,3,2010-11,NBB,1,4,,BRA,71.4,28,20,8,12-2,8-6,12,2,8,6,2461,2180,281,1,campeão,6,1,computed_from_games
31,3,2010-11,NBB,2,6,,FLA,71.4,28,20,8,12-2,8-6,12,2,8,6,2450,2188,262,1,semifinal,4,0,computed_from_games
32,3,2010-11,NBB,3,7,,FRA,71.4,28,20,8,13-1,7-7,13,1,7,7,2401,2186,215,1,vice-campeão,5,0,computed_from_games
33,3,2010-11,NBB,4,13,,PIN,71.4,28,20,8,11-3,9-5,11,3,9,5,2444,2237,207,1,semifinal,4,0,computed_from_games
34,3,2010-11,NBB,5,3,,BAU,67.9,28,19,9,10-4,9-5,10,4,9,5,2418,2173,245,1,quartas,3,0,computed_from_games
35,3,2010-11,NBB,6,17,,UBE,67.9,28,19,9,10-4,9-5,10,4,9,5,2349,2151,198,1,quartas,3,0,computed_from_games
36,3,2010-11,NBB,7,8,,JOI,60.7,28,17,11,10-4,7-7,10,4,7,7,2340,2181,159,1,quartas,3,0,computed_from_games
37,3,2010-11,NBB,8,15,,SJO,53.6,28,15,13,9-5,6-8,9,5,6,8,2239,2115,124,1,quartas,3,0,computed_from_games
38,3,2010-11,NBB,9,11,,MIN,46.4,28,13,15,7-7,6-8,7,7,6,8,2132,2242,-110,1,oitavas,2,0,computed_from_games
39,3,2010-11,NBB,10,10,,LIM,42.9,28,12,16,6-8,6-8,6,8,6,8,2118,2228,-110,1,oitavas,2,0,computed_from_games
40,3,2010-11,NBB,11,1,,ARA,32.1,28,9,19,7-7,2-12,7,7,2,12,2138,2308,-170,1,oitavas,2,0,computed_from_games
41,3,2010-11,NBB,12,12,,CAP,28.6,28,8,20,6-8,2-12,6,8,2,12,2062,2357,-295,1,oitavas,2,0,computed_from_games
42,3,2010-11,NBB,13,18,,VIT,25.0,28,7,21,6-8,1-13,6,8,1,13,2098,2496,-398,0,não classificou,0,0,computed_from_games
43,3,2010-11,NBB,14,5,,ESB,21.4,28,6,22,3-11,3-11,3,11,3,11,1992,2370,-378,0,não classificou,0,0,computed_from_games
44,3,2010-11,NBB,15,2,,ASS,17.9,28,5,23,5-9,0-14,5,9,0,14,2073,2303,-230,0,não classificou,0,0,computed_from_games
45,4,2011-12,NBB,1,15,,SJO,82.1,28,23,5,13-1,10-4,13,1,10,4,2424,2174,250,1,vice-campeão,5,0,computed_from_games
46,4,2011-12,NBB,2,6,,FLA,75.0,28,21,7,11-3,10-4,11,3,10,4,2469,2173,296,1,semifinal,4,0,computed_from_games
47,4,2011-12,NBB,3,13,,PIN,75.0,28,21,7,12-2,9-5,12,2,9,5,2428,2173,255,1,semifinal,4,0,computed_from_games
48,4,2011-12,NBB,4,4,,BRA,75.0,28,21,7,13-1,8-6,13,1,8,6,2432,2248,184,1,campeão,6,1,computed_from_games
49,4,2011-12,NBB,5,17,,UBE,64.3,28,18,10,12-2,6-8,12,2,6,8,2391,2257,134,1,quartas,3,0,computed_from_games
50,4,2011-12,NBB,6,3,,BAU,60.7,28,17,11,12-2,5-9,12,2,5,9,2307,2172,135,1,quartas,3,0,computed_from_games
51,4,2011-12,NBB,7,12,,CAP,60.7,28,17,11,10-4,7-7,10,4,7,7,2286,2240,46,1,oitavas,2,0,computed_from_games
52,4,2011-12,NBB,8,8,,JOI,50.0,28,14,14,10-4,4-10,10,4,4,10,2217,2232,-15,1,quartas,3,0,computed_from_games
53,4,2011-12,NBB,9,10,,LIM,46.4,28,13,15,8-6,5-9,8,6,5,9,2278,2207,71,1,oitavas,2,0,computed_from_games
54,4,2011-12,NBB,10,7,,FRA,46.4,28,13,15,9-5,4-10,9,5,4,10,2339,2339,0,1,quartas,3,0,computed_from_games
55,4,2011-12,NBB,11,19,,LSB,39.3,28,11,17,9-5,2-12,9,5,2,12,2128,2300,-172,1,oitavas,2,0,computed_from_games
56,4,2011-12,NBB,12,11,,MIN,32.1,28,9,19,6-8,3-11,6,8,3,11,2179,2303,-124,0,não classificou,0,0,computed_from_games
57,4,2011-12,NBB,13,20,,TIJ,32.1,28,9,19,6-8,3-11,6,8,3,11,2200,2384,-184,1,oitavas,2,0,computed_from_games
58,4,2011-12,NBB,14,1,,ARA,7.1,28,2,26,2-12,0-14,2,12,0,14,2077,2488,-411,0,não classificou,0,0,computed_from_games
59,4,2011-12,NBB,15,5,,ESB,3.6,28,1,27,1-13,0-14,1,13,0,14,1859,2324,-465,0,não classificou,0,0,computed_from_games
60,5,2012-13,NBB,1,6,,FLA,88.2,34,30,4,15-2,15-2,15,2,15,2,3088,2585,503,1,campeão,6,1,computed_from_games
61,5,2012-13,NBB,2,4,,BRA,79.4,34,27,7,15-2,12-5,15,2,12,5,3037,2712,325,1,quartas,3,0,computed_from_games
62,5,2012-13,NBB,3,17,,UBE,73.5,34,25,9,15-2,10-7,15,2,10,7,2855,2631,224,1,vice-campeão,5,0,computed_from_games
63,5,2012-13,NBB,4,7,,FRA,67.6,34,23,11,13-4,10-7,13,4,10,7,2673,2422,251,1,quartas,3,0,computed_from_games
64,5,2012-13,NBB,5,3,,BAU,67.6,34,23,11,12-5,11-6,12,5,11,6,2812,2613,199,1,semifinal,4,0,computed_from_games
65,5,2012-13,NBB,6,13,,PIN,64.7,34,22,12,13-4,9-8,13,4,9,8,2941,2825,116,1,quartas,3,0,computed_from_games
66,5,2012-13,NBB,7,15,,SJO,58.8,34,20,14,13-4,7-10,13,4,7,10,2721,2653,68,1,semifinal,4,0,computed_from_games
67,5,2012-13,NBB,8,21,,CEA,52.9,34,18,16,10-7,8-9,10,7,8,9,2727,2721,6,1,oitavas,2,0,computed_from_games
68,5,2012-13,NBB,9,12,,CAP,50.0,34,17,17,9-8,8-9,9,8,8,9,2740,2745,-5,1,quartas,3,0,computed_from_games
69,5,2012-13,NBB,10,11,,MIN,47.1,34,16,18,10-7,6-11,10,7,6,11,2750,2779,-29,1,oitavas,2,0,computed_from_games
70,5,2012-13,NBB,11,10,,LIM,44.1,34,15,19,10-7,5-12,10,7,5,12,2745,2691,54,1,oitavas,2,0,computed_from_games
71,5,2012-13,NBB,12,19,,LSB,44.1,34,15,19,9-8,6-11,9,8,6,11,2640,2746,-106,1,oitavas,2,0,computed_from_games
72,5,2012-13,NBB,13,23,,PAL,35.3,34,12,22,11-6,1-16,11,6,1,16,2654,2828,-174,0,não classificou,0,0,computed_from_games
73,5,2012-13,NBB,14,8,,JOI,32.4,34,11,23,8-9,3-14,8,9,3,14,2579,2736,-157,0,não classificou,0,0,computed_from_games
74,5,2012-13,NBB,15,22,,MOG,32.4,34,11,23,6-11,5-12,6,11,5,12,2546,2796,-250,0,não classificou,0,0,computed_from_games
75,5,2012-13,NBB,16,5,,ESB,29.4,34,10,24,7-10,3-14,7,10,3,14,2690,2899,-209,0,não classificou,0,0,computed_from_games
76,5,2012-13,NBB,17,20,,TIJ,17.6,34,6,28,4-13,2-15,4,13,2,15,2447,2706,-259,0,não classificou,0,0,computed_from_games
77,5,2012-13,NBB,18,24,,SUZ,14.7,34,5,29,4-13,1-16,4,13,1,16,2502,3059,-557,0,não classificou,0,0,computed_from_games
78,6,2013-14,NBB,1,6,,FLA,81.2,32,26,6,14-2,12-4,14,2,12,4,2712,2433,279,1,campeão,6,1,computed_from_games
79,6,2013-14,NBB,2,12,,CAP,71.9,32,23,9,13-3,10-6,13,3,10,6,2684,2500,184,1,vice-campeão,5,0,computed_from_games
80,6,2013-14,NBB,3,4,,BRA,65.6,32,21,11,12-4,9-7,12,4,9,7,2771,2491,280,1,quartas,3,0,computed_from_games
81,6,2013-14,NBB,4,10,,LIM,65.6,32,21,11,10-6,11-5,10,6,11,5,2498,2350,148,1,quartas,3,0,computed_from_games
82,6,2013-14,NBB,5,13,,PIN,62.5,32,20,12,10-6,10-6,10,6,10,6,2664,2598,66,1,oitavas,2,0,computed_from_games
83,6,2013-14,NBB,6,17,,UBE,59.4,32,19,13,9-7,10-6,9,7,10,6,2647,2565,82,1,oitavas,2,0,computed_from_games
84,6,2013-14,NBB,7,15,,SJO,59.4,32,19,13,10-6,9-7,10,6,9,7,2643,2607,36,1,semifinal,4,0,computed_from_games
85,6,2013-14,NBB,8,3,,BAU,56.2,32,18,14,10-6,8-8,10,6,8,8,2642,2602,40,1,quartas,3,0,computed_from_games
86,6,2013-14,NBB,9,7,,FRA,46.9,32,15,17,11-5,4-12,11,5,4,12,2565,2513,52,1,quartas,3,0,computed_from_games
87,6,2013-14,NBB,10,23,,PAL,46.9,32,15,17,11-5,4-12,11,5,4,12,2551,2583,-32,1,oitavas,2,0,computed_from_games
88,6,2013-14,NBB,11,21,,CEA,46.9,32,15,17,11-5,4-12,11,5,4,12,2472,2529,-57,1,oitavas,2,0,computed_from_games
89,6,2013-14,NBB,12,22,,MOG,43.8,32,14,18,10-6,4-12,10,6,4,12,2591,2527,64,1,semifinal,4,0,computed_from_games
90,6,2013-14,NBB,13,26,,MAC,40.6,32,13,19,11-5,2-14,11,5,2,14,2570,2605,-35,0,não classificou,0,0,computed_from_games
91,6,2013-14,NBB,14,11,,MIN,31.2,32,10,22,8-8,2-14,8,8,2,14,2255,2404,-149,0,não classificou,0,0,computed_from_games
92,6,2013-14,NBB,15,19,,LSB,31.2,32,10,22,6-10,4-12,6,10,4,12,2429,2696,-267,0,não classificou,0,0,computed_from_games
93,6,2013-14,NBB,16,25,,GOI,28.1,32,9,23,5-11,4-12,5,11,4,12,2471,2643,-172,0,não classificou,0,0,computed_from_games
94,6,2013-14,NBB,17,5,,ESB,12.5,32,4,28,3-13,1-15,3,13,1,15,2255,2774,-519,0,não classificou,0,0,computed_from_games
95,7,2014-15,NBB,1,3,,BAU,93.3,30,28,2,14-1,14-1,14,1,14,1,2723,2263,460,1,vice-campeão,5,0,computed_from_games
96,7,2014-15,NBB,2,10,,LIM,83.3,30,25,5,14-1,11-4,14,1,11,4,2483,2299,184,1,semifinal,4,0,computed_from_games
97,7,2014-15,NBB,3,6,,FLA,79.3,29,23,6,13-1,10-5,13,1,10,5,2602,2302,300,1,campeão,6,1,computed_from_games
98,7,2014-15,NBB,4,22,,MOG,70.0,30,21,9,9-6,12-3,9,6,12,3,2547,2447,100,1,semifinal,4,0,computed_from_games
99,7,2014-15,NBB,5,12,,CAP,56.7,30,17,13,10-5,7-8,10,5,7,8,2464,2391,73,1,oitavas,2,0,computed_from_games
100,7,2014-15,NBB,6,11,,MIN,56.7,30,17,13,9-6,8-7,9,6,8,7,2267,2228,39,1,oitavas,2,0,computed_from_games
101,7,2014-15,NBB,7,13,,PIN,51.7,29,15,14,8-7,7-7,8,7,7,7,2387,2397,-10,1,oitavas,2,0,computed_from_games
102,7,2014-15,NBB,8,7,,FRA,46.7,30,14,16,9-6,5-10,9,6,5,10,2294,2314,-20,1,quartas,3,0,computed_from_games
103,7,2014-15,NBB,9,23,,PAL,43.3,30,13,17,10-5,3-12,10,5,3,12,2323,2378,-55,1,oitavas,2,0,computed_from_games
104,7,2014-15,NBB,10,4,,BRA,40.0,30,12,18,7-8,5-10,7,8,5,10,2469,2525,-56,1,quartas,3,0,computed_from_games
105,7,2014-15,NBB,11,15,,SJO,40.0,30,12,18,8-7,4-11,8,7,4,11,2344,2433,-89,1,quartas,3,0,computed_from_games
106,7,2014-15,NBB,12,26,,MAC,30.0,30,9,21,7-8,2-13,7,8,2,13,2370,2523,-153,1,quartas,3,0,computed_from_games
107,7,2014-15,NBB,13,17,,UBE,30.0,30,9,21,6-9,3-12,6,9,3,12,2255,2471,-216,0,não classificou,0,0,computed_from_games
108,7,2014-15,NBB,14,27,,RCB,26.7,30,8,22,4-11,4-11,4,11,4,11,2376,2535,-159,0,não classificou,0,0,computed_from_games
109,7,2014-15,NBB,15,19,,LSB,26.7,30,8,22,7-8,1-14,7,8,1,14,2350,2526,-176,0,não classificou,0,0,computed_from_games
110,7,2014-15,NBB,16,21,,CEA,26.7,30,8,22,6-9,2-13,6,9,2,13,2299,2521,-222,0,não classificou,0,0,computed_from_games
111,8,2015-16,NBB,1,6,,FLA,82.1,28,23,5,11-3,12-2,11,3,12,2,2362,1973,389,1,campeão,6,1,computed_from_games
112,8,2015-16,NBB,2,3,,BAU,75.0,28,21,7,13-1,8-6,13,1,8,6,2416,2131,285,1,vice-campeão,5,0,computed_from_games
113,8,2015-16,NBB,3,12,,CAP,71.4,28,20,8,11-3,9-5,11,3,9,5,2254,2060,194,1,quartas,3,0,computed_from_games
114,8,2015-16,NBB,4,21,,CEA,67.9,28,19,9,9-5,10-4,9,5,10,4,2230,2064,166,1,quartas,3,0,computed_from_games
115,8,2015-16,NBB,5,22,,MOG,67.9,28,19,9,12-2,7-7,12,2,7,7,2292,2192,100,1,semifinal,4,0,computed_from_games
116,8,2015-16,NBB,6,4,,BRA,64.3,28,18,10,9-5,9-5,9,5,9,5,2414,2277,137,1,semifinal,4,0,computed_from_games
117,8,2015-16,NBB,7,13,,PIN,50.0,28,14,14,6-8,8-6,6,8,8,6,2294,2236,58,1,quartas,3,0,computed_from_games
118,8,2015-16,NBB,8,27,,RCB,46.4,28,13,15,7-7,6-8,7,7,6,8,2060,2059,1,1,quartas,3,0,computed_from_games
119,8,2015-16,NBB,9,7,,FRA,46.4,28,13,15,5-9,8-6,5,9,8,6,2156,2278,-122,1,oitavas,2,0,computed_from_games
120,8,2015-16,NBB,10,11,,MIN,42.9,28,12,16,6-8,6-8,6,8,6,8,2047,2094,-47,1,oitavas,2,0,computed_from_games
121,8,2015-16,NBB,11,28,,CAX,32.1,28,9,19,5-9,4-10,5,9,4,10,1971,2174,-203,1,oitavas,2,0,computed_from_games
122,8,2015-16,NBB,12,19,,LSB,28.6,28,8,20,5-9,3-11,5,9,3,11,1921,2144,-223,0,não classificou,0,0,computed_from_games
123,8,2015-16,NBB,13,29,,VIT,28.6,28,8,20,5-9,3-11,5,9,3,11,2009,2265,-256,1,oitavas,2,0,computed_from_games
124,8,2015-16,NBB,14,15,,SJO,25.0,28,7,21,4-10,3-11,4,10,3,11,2096,2314,-218,0,não classificou,0,0,computed_from_games
125,8,2015-16,NBB,15,26,,MAC,21.4,28,6,22,5-9,1-13,5,9,1,13,2105,2366,-261,0,não classificou,0,0,computed_from_games
126,9,2016-17,NBB,1,6,,FLA,75.0,28,21,7,10-4,11-3,10,4,11,3,2464,2195,269,1,quartas,3,0,computed_from_games
127,9,2016-17,NBB,2,22,,MOG,71.4,28,20,8,12-2,8-6,12,2,8,6,2274,2088,186,1,quartas,3,0,computed_from_games
128,9,2016-17,NBB,3,4,,BRA,67.9,28,19,9,11-3,8-6,11,3,8,6,2285,2155,130,1,quartas,3,0,computed_from_games
129,9,2016-17,NBB,4,7,,FRA,67.9,28,19,9,11-3,8-6,11,3,8,6,2256,2199,57,1,quartas,3,0,computed_from_games
130,9,2016-17,NBB,5,3,,BAU,64.3,28,18,10,10-4,8-6,10,4,8,6,2256,2086,170,1,campeão,6,1,computed_from_games
131,9,2016-17,NBB,6,12,,CAP,57.1,28,16,12,8-6,8-6,8,6,8,6,2287,2146,141,1,vice-campeão,5,0,computed_from_games
132,9,2016-17,NBB,7,13,,PIN,57.1,28,16,12,9-5,7-7,9,5,7,7,2275,2250,25,1,semifinal,4,0,computed_from_games
133,9,2016-17,NBB,8,29,,VIT,57.1,28,16,12,8-6,8-6,8,6,8,6,2130,2105,25,1,semifinal,4,0,computed_from_games
134,9,2016-17,NBB,9,31,,VAS,50.0,28,14,14,8-6,6-8,8,6,6,8,2099,2182,-83,1,oitavas,2,0,computed_from_games
135,9,2016-17,NBB,10,30,,CMO,46.4,28,13,15,5-9,8-6,5,9,8,6,2140,2226,-86,1,oitavas,2,0,computed_from_games
136,9,2016-17,NBB,11,21,,CEA,42.9,28,12,16,6-8,6-8,6,8,6,8,2116,2184,-68,1,oitavas,2,0,computed_from_games
137,9,2016-17,NBB,12,26,,MAC,28.6,28,8,20,5-9,3-11,5,9,3,11,2117,2212,-95,1,oitavas,2,0,computed_from_games
138,9,2016-17,NBB,13,11,,MIN,25.0,28,7,21,4-10,3-11,4,10,3,11,2146,2332,-186,0,não classificou,0,0,computed_from_games
139,9,2016-17,NBB,14,19,,LSB,21.4,28,6,22,4-10,2-12,4,10,2,12,1921,2159,-238,0,não classificou,0,0,computed_from_games
140,9,2016-17,NBB,15,28,,CAX,17.9,28,5,23,4-10,1-13,4,10,1,13,2022,2269,-247,0,não classificou,0,0,computed_from_games
141,10,2017-18,NBB,1,6,,FLA,89.3,28,25,3,13-1,12-2,13,1,12,2,2365,2058,307,1,semifinal,4,0,computed_from_games
142,10,2017-18,NBB,2,12,,CAP,85.7,28,24,4,14-0,10-4,14,0,10,4,2380,2020,360,1,campeão,6,1,computed_from_games
143,10,2017-18,NBB,3,7,,FRA,78.6,28,22,6,13-1,9-5,13,1,9,5,2265,1984,281,1,quartas,3,0,computed_from_games
144,10,2017-18,NBB,4,22,,MOG,67.9,28,19,9,11-3,8-6,11,3,8,6,2130,1999,131,1,vice-campeão,5,0,computed_from_games
145,10,2017-18,NBB,5,3,,BAU,57.1,28,16,12,9-5,7-7,9,5,7,7,2279,2127,152,1,semifinal,4,0,computed_from_games
146,10,2017-18,NBB,6,28,,CAX,57.1,28,16,12,10-4,6-8,10,4,6,8,2108,2101,7,1,quartas,3,0,computed_from_games
147,10,2017-18,NBB,7,13,,PIN,53.6,28,15,13,8-6,7-7,8,6,7,7,2194,2069,125,1,oitavas,2,0,computed_from_games
148,10,2017-18,NBB,8,29,,VIT,50.0,28,14,14,11-3,3-11,11,3,3,11,2159,2135,24,1,oitavas,2,0,computed_from_games
149,10,2017-18,NBB,9,11,,MIN,50.0,28,14,14,8-6,6-8,8,6,6,8,2002,2088,-86,1,quartas,3,0,computed_from_games
150,10,2017-18,NBB,10,31,,VAS,42.9,28,12,16,6-8,6-8,6,8,6,8,2184,2239,-55,1,oitavas,2,0,computed_from_games
151,10,2017-18,NBB,11,21,,CEA,42.9,28,12,16,11-3,1-13,11,3,1,13,2039,2145,-106,1,quartas,3,0,computed_from_games
152,10,2017-18,NBB,12,32,,BOT,25.0,28,7,21,6-8,1-13,6,8,1,13,1959,2225,-266,1,oitavas,2,0,computed_from_games
153,10,2017-18,NBB,13,33,,JLE,25.0,28,7,21,5-9,2-12,5,9,2,12,1873,2188,-315,0,não classificou,0,0,computed_from_games
154,10,2017-18,NBB,14,30,,CMO,14.3,28,4,24,1-13,3-11,1,13,3,11,1927,2247,-320,0,não classificou,0,0,computed_from_games
155,10,2017-18,NBB,15,19,,LSB,10.7,28,3,25,2-12,1-13,2,12,1,13,1946,2185,-239,0,não classificou,0,0,computed_from_games
156,11,2018-19,NBB,1,7,,FRA,88.5,26,23,3,12-1,11-2,12,1,11,2,2258,1992,266,1,vice-campeão,5,0,computed_from_games
157,11,2018-19,NBB,2,6,,FLA,84.6,26,22,4,12-1,10-3,12,1,10,3,2197,1836,361,1,campeão,6,1,computed_from_games
158,11,2018-19,NBB,3,13,,PIN,80.8,26,21,5,11-2,10-3,11,2,10,3,2154,1976,178,1,quartas,3,0,computed_from_games
159,11,2018-19,NBB,4,22,,MOG,65.4,26,17,9,9-4,8-5,9,4,8,5,2195,2095,100,1,semifinal,4,0,computed_from_games
160,11,2018-19,NBB,5,12,,CAP,61.5,26,16,10,8-5,8-5,8,5,8,5,2209,2098,111,1,oitavas,2,0,computed_from_games
161,11,2018-19,NBB,6,35,,COR,46.2,26,12,14,8-5,4-9,8,5,4,9,2079,2075,4,1,quartas,3,0,computed_from_games
162,11,2018-19,NBB,7,32,,BOT,46.2,26,12,14,8-5,4-9,8,5,4,9,1956,1998,-42,1,semifinal,4,0,computed_from_games
163,11,2018-19,NBB,8,3,,BAU,42.3,26,11,15,6-7,5-8,6,7,5,8,2017,2065,-48,1,quartas,3,0,computed_from_games
164,11,2018-19,NBB,9,11,,MIN,42.3,26,11,15,8-5,3-10,8,5,3,10,2043,2105,-62,1,oitavas,2,0,computed_from_games
165,11,2018-19,NBB,10,34,,UBR,38.5,26,10,16,6-7,4-9,6,7,4,9,2022,2182,-160,1,oitavas,2,0,computed_from_games
166,11,2018-19,NBB,11,15,,SJO,34.6,26,9,17,5-8,4-9,5,8,4,9,2039,2117,-78,1,oitavas,2,0,computed_from_games
167,11,2018-19,NBB,12,21,,CEA,30.8,26,8,18,6-7,2-11,6,7,2,11,1915,2034,-119,1,quartas,3,0,computed_from_games
168,11,2018-19,NBB,13,33,,JLE,19.2,26,5,21,3-10,2-11,3,10,2,11,1999,2208,-209,0,não classificou,0,0,computed_from_games
169,11,2018-19,NBB,14,31,,VAS,19.2,26,5,21,2-11,3-10,2,11,3,10,1933,2235,-302,0,não classificou,0,0,computed_from_games
170,12,2019-20,NBB,1,6,,FLA,87.5,24,21,3,9-3,12-0,9,3,12,0,2040,1851,189,0,não classificou,0,0,computed_from_games
171,12,2019-20,NBB,2,7,,FRA,80.0,25,20,5,10-3,10-2,10,3,10,2,2186,1975,211,0,não classificou,0,0,computed_from_games
172,12,2019-20,NBB,3,37,,SAO,76.9,26,20,6,8-5,12-1,8,5,12,1,2302,2122,180,0,não classificou,0,0,computed_from_games
173,12,2019-20,NBB,4,11,,MIN,65.4,26,17,9,7-6,10-3,7,6,10,3,2252,2117,135,0,não classificou,0,0,computed_from_games
174,12,2019-20,NBB,5,22,,MOG,61.5,26,16,10,10-3,6-7,10,3,6,7,2152,2117,35,0,não classificou,0,0,computed_from_games
175,12,2019-20,NBB,6,13,,PIN,55.6,27,15,12,7-7,8-5,7,7,8,5,2202,2157,45,0,não classificou,0,0,computed_from_games
176,12,2019-20,NBB,7,35,,COR,50.0,26,13,13,9-5,4-8,9,5,4,8,2141,2052,89,0,não classificou,0,0,computed_from_games
177,12,2019-20,NBB,8,27,,RCB,50.0,26,13,13,6-6,7-7,6,6,7,7,2195,2253,-58,0,não classificou,0,0,computed_from_games
178,12,2019-20,NBB,9,32,,BOT,50.0,26,13,13,6-5,7-8,6,5,7,8,2038,2098,-60,0,não classificou,0,0,computed_from_games
179,12,2019-20,NBB,10,38,,UFC,48.1,27,13,14,10-5,3-9,10,5,3,9,2246,2187,59,0,não classificou,0,0,computed_from_games
180,12,2019-20,NBB,11,12,,CAP,44.0,25,11,14,5-8,6-6,5,8,6,6,2042,2077,-35,0,não classificou,0,0,computed_from_games
181,12,2019-20,NBB,12,3,,BAU,42.3,26,11,15,5-9,6-6,5,9,6,6,2084,2106,-22,0,não classificou,0,0,computed_from_games
182,12,2019-20,NBB,13,34,,BSB,30.8,26,8,18,4-8,4-10,4,8,4,10,1975,2234,-259,0,não classificou,0,0,computed_from_games
183,12,2019-20,NBB,14,15,,SJO,25.9,27,7,20,3-10,4-10,3,10,4,10,2330,2486,-156,0,não classificou,0,0,computed_from_games
184,12,2019-20,NBB,15,21,,CEA,19.2,26,5,21,3-10,2-11,3,10,2,11,1985,2107,-122,0,não classificou,0,0,computed_from_games
185,12,2019-20,NBB,16,36,,PAT,16.0,25,4,21,3-9,1-12,3,9,1,12,1774,2005,-231,0,não classificou,0,0,computed_from_games
186,13,2020-21,NBB,1,6,,FLA,93.3,30,28,2,15-0,13-2,15,0,13,2,2690,2156,534,1,campeão,6,1,computed_from_games
187,13,2020-21,NBB,2,11,,MIN,86.7,30,26,4,14-1,12-3,14,1,12,3,2541,2229,312,1,semifinal,4,0,computed_from_games
188,13,2020-21,NBB,3,37,,SAO,76.7,30,23,7,12-3,11-4,12,3,11,4,2705,2324,381,1,vice-campeão,5,0,computed_from_games
189,13,2020-21,NBB,4,12,,CAP,73.3,30,22,8,13-2,9-6,13,2,9,6,2293,2182,111,1,semifinal,4,0,computed_from_games
190,13,2020-21,NBB,5,3,,BAU,63.3,30,19,11,11-4,8-7,11,4,8,7,2462,2292,170,1,quartas,3,0,computed_from_games
191,13,2020-21,NBB,6,35,,COR,56.7,30,17,13,10-5,7-8,10,5,7,8,2316,2246,70,1,quartas,3,0,computed_from_games
192,13,2020-21,NBB,7,7,,FRA,50.0,30,15,15,10-5,5-10,10,5,5,10,2610,2507,103,1,quartas,3,0,computed_from_games
193,13,2020-21,NBB,8,22,,MOG,50.0,30,15,15,8-7,7-8,8,7,7,8,2409,2474,-65,1,quartas,3,0,computed_from_games
194,13,2020-21,NBB,9,38,,UFC,46.7,30,14,16,8-7,6-9,8,7,6,9,2473,2448,25,1,oitavas,2,0,computed_from_games
195,13,2020-21,NBB,10,21,,FOR,46.7,30,14,16,7-8,7-8,7,8,7,8,2298,2279,19,1,oitavas,2,0,computed_from_games
196,13,2020-21,NBB,11,36,,PAT,40.0,30,12,18,7-8,5-10,7,8,5,10,2243,2507,-264,1,oitavas,2,0,computed_from_games
197,13,2020-21,NBB,12,28,,CAX,30.0,30,9,21,5-10,4-11,5,10,4,11,2283,2428,-145,1,oitavas,2,0,computed_from_games
198,13,2020-21,NBB,13,13,,PIN,26.7,30,8,22,5-10,3-12,5,10,3,12,2131,2488,-357,0,não classificou,0,0,computed_from_games
199,13,2020-21,NBB,14,39,,CER,23.3,30,7,23,4-11,3-12,4,11,3,12,2236,2398,-162,0,não classificou,0,0,computed_from_games
200,13,2020-21,NBB,15,30,,CMO,20.0,30,6,24,3-12,3-12,3,12,3,12,2279,2609,-330,0,não classificou,0,0,computed_from_games
201,13,2020-21,NBB,16,34,,BRA,16.7,30,5,25,3-12,2-13,3,12,2,13,2297,2699,-402,0,não classificou,0,0,computed_from_games
202,14,2021-22,NBB,1,7,,FRA,90.6,32,29,3,16-0,13-3,16,0,13,3,2889,2456,433,1,campeão,6,1,computed_from_games
203,14,2021-22,NBB,2,6,,FLA,81.2,32,26,6,15-1,11-5,15,1,11,5,2837,2356,481,1,vice-campeão,5,0,computed_from_games
204,14,2021-22,NBB,3,11,,MIN,78.1,32,25,7,14-2,11-5,14,2,11,5,2691,2446,245,1,semifinal,4,0,computed_from_games
205,14,2021-22,NBB,4,37,,SAO,71.9,32,23,9,13-3,10-6,13,3,10,6,2660,2402,258,1,semifinal,4,0,computed_from_games
206,14,2021-22,NBB,5,3,,BAU,65.6,32,21,11,13-3,8-8,13,3,8,8,2520,2459,61,1,quartas,3,0,computed_from_games
207,14,2021-22,NBB,6,38,,UFC,62.5,32,20,12,11-5,9-7,11,5,9,7,2428,2344,84,1,quartas,3,0,computed_from_games
208,14,2021-22,NBB,7,12,,CAP,53.1,32,17,15,11-5,6-10,11,5,6,10,2477,2474,3,1,quartas,3,0,computed_from_games
209,14,2021-22,NBB,8,13,,PIN,46.9,32,15,17,9-7,6-10,9,7,6,10,2574,2576,-2,1,quartas,3,0,computed_from_games
210,14,2021-22,NBB,9,35,,COR,40.6,32,13,19,8-8,5-11,8,8,5,11,2420,2403,17,1,oitavas,2,0,computed_from_games
211,14,2021-22,NBB,10,27,,RCB,40.6,32,13,19,10-6,3-13,10,6,3,13,2276,2394,-118,1,oitavas,2,0,computed_from_games
212,14,2021-22,NBB,11,36,,PAT,37.5,32,12,20,6-10,6-10,6,10,6,10,2336,2516,-180,1,oitavas,2,0,computed_from_games
213,14,2021-22,NBB,12,28,,CAX,37.5,32,12,20,7-9,5-11,7,9,5,11,2263,2470,-207,1,oitavas,2,0,computed_from_games
214,14,2021-22,NBB,13,22,,MOG,34.4,32,11,21,8-8,3-13,8,8,3,13,2459,2652,-193,0,não classificou,0,0,computed_from_games
215,14,2021-22,NBB,14,39,,CER,31.2,32,10,22,4-12,6-10,4,12,6,10,2487,2642,-155,0,não classificou,0,0,computed_from_games
216,14,2021-22,NBB,15,21,,FOR,31.2,32,10,22,8-8,2-14,8,8,2,14,2338,2564,-226,0,não classificou,0,0,computed_from_games
217,14,2021-22,NBB,16,40,,UCO,25.0,32,8,24,7-9,1-15,7,9,1,15,2384,2667,-283,0,não classificou,0,0,computed_from_games
218,14,2021-22,NBB,17,34,,BRA,21.9,32,7,25,4-12,3-13,4,12,3,13,2392,2610,-218,0,não classificou,0,0,computed_from_games
219,15,2022-23,NBB,1,7,,FRA,100.0,32,32,0,16-0,16-0,16,0,16,0,2896,2464,432,1,campeão,6,1,computed_from_games
220,15,2022-23,NBB,2,6,,FLA,87.5,32,28,4,15-1,13-3,15,1,13,3,2707,2207,500,1,semifinal,4,0,computed_from_games
221,15,2022-23,NBB,3,11,,MIN,68.8,32,22,10,13-3,9-7,13,3,9,7,2769,2524,245,1,semifinal,4,0,computed_from_games
222,15,2022-23,NBB,4,37,,SAO,68.8,32,22,10,12-4,10-6,12,4,10,6,2739,2548,191,1,vice-campeão,5,0,computed_from_games
223,15,2022-23,NBB,5,12,,CAP,65.6,32,21,11,12-4,9-7,12,4,9,7,2508,2346,162,1,quartas,3,0,computed_from_games
224,15,2022-23,NBB,6,13,,PIN,62.5,32,20,12,12-4,8-8,12,4,8,8,2600,2491,109,1,quartas,3,0,computed_from_games
225,15,2022-23,NBB,7,3,,BAU,59.4,32,19,13,12-4,7-9,12,4,7,9,2499,2275,224,1,quartas,3,0,computed_from_games
226,15,2022-23,NBB,8,35,,COR,53.1,32,17,15,9-7,8-8,9,7,8,8,2597,2527,70,1,oitavas,2,0,computed_from_games
227,15,2022-23,NBB,9,38,,UFC,50.0,32,16,16,8-8,8-8,8,8,8,8,2486,2542,-56,1,quartas,3,0,computed_from_games
228,15,2022-23,NBB,10,15,,SJO,46.9,32,15,17,9-7,6-10,9,7,6,10,2599,2642,-43,1,oitavas,2,0,computed_from_games
229,15,2022-23,NBB,11,28,,CAX,37.5,32,12,20,7-9,5-11,7,9,5,11,2347,2448,-101,1,oitavas,2,0,computed_from_games
230,15,2022-23,NBB,12,40,,UCO,31.2,32,10,22,5-11,5-11,5,11,5,11,2514,2638,-124,0,não classificou,0,0,computed_from_games
231,15,2022-23,NBB,13,36,,PAT,31.2,32,10,22,6-10,4-12,6,10,4,12,2491,2700,-209,1,oitavas,2,0,computed_from_games
232,15,2022-23,NBB,14,21,,FOR,28.1,32,9,23,4-12,5-11,4,12,5,11,2360,2680,-320,0,não classificou,0,0,computed_from_games
233,15,2022-23,NBB,15,34,,BRA,21.9,32,7,25,2-14,5-11,2,14,5,11,2486,2811,-325,0,não classificou,0,0,computed_from_games
234,15,2022-23,NBB,16,27,,RCB,21.9,32,7,25,5-11,2-14,5,11,2,14,2429,2830,-401,0,não classificou,0,0,computed_from_games
235,15,2022-23,NBB,17,39,,CER,15.6,32,5,27,4-12,1-15,4,12,1,15,2602,2956,-354,0,não classificou,0,0,computed_from_games
236,16,2023-24,NBB,1,6,,FLA,86.1,36,31,5,17-1,14-4,17,1,14,4,3061,2630,431,1,vice-campeão,5,0,computed_from_games
237,16,2023-24,NBB,2,7,,FRA,86.1,36,31,5,16-2,15-3,16,2,15,3,3183,2761,422,1,campeão,6,1,computed_from_games
238,16,2023-24,NBB,3,11,,MIN,77.8,36,28,8,15-3,13-5,15,3,13,5,3099,2658,441,1,semifinal,4,0,computed_from_games
239,16,2023-24,NBB,4,3,,BAU,66.7,36,24,12,15-3,9-9,15,3,9,9,2949,2840,109,1,semifinal,4,0,computed_from_games
240,16,2023-24,NBB,5,31,,VAS,66.7,36,24,12,13-5,11-7,13,5,11,7,2725,2632,93,1,quartas,3,0,computed_from_games
241,16,2023-24,NBB,6,38,,UFC,63.9,36,23,13,15-3,8-10,15,3,8,10,3040,2862,178,1,oitavas,2,0,computed_from_games
242,16,2023-24,NBB,7,12,,CAP,61.1,36,22,14,12-6,10-8,12,6,10,8,2724,2533,191,1,quartas,3,0,computed_from_games
243,16,2023-24,NBB,8,21,,FOR,55.6,36,20,16,12-6,8-10,12,6,8,10,2841,2782,59,1,quartas,3,0,computed_from_games
244,16,2023-24,NBB,9,35,,COR,52.8,36,19,17,10-8,9-9,10,8,9,9,2941,2879,62,1,oitavas,2,0,computed_from_games
245,16,2023-24,NBB,10,15,,SJO,52.8,36,19,17,11-7,8-10,11,7,8,10,2854,2810,44,1,oitavas,2,0,computed_from_games
246,16,2023-24,NBB,11,37,,SAO,50.0,36,18,18,10-8,8-10,10,8,8,10,2824,2849,-25,1,quartas,3,0,computed_from_games
247,16,2023-24,NBB,12,36,,PAT,47.2,36,17,19,11-7,6-12,11,7,6,12,2816,2857,-41,1,oitavas,2,0,computed_from_games
248,16,2023-24,NBB,13,13,,PIN,41.7,36,15,21,9-9,6-12,9,9,6,12,2675,2794,-119,1,oitavas,2,0,computed_from_games
249,16,2023-24,NBB,14,22,,MOG,27.8,36,10,26,7-11,3-15,7,11,3,15,2649,2856,-207,1,oitavas,2,0,computed_from_games
250,16,2023-24,NBB,15,32,,BOT,27.8,36,10,26,6-12,4-14,6,12,4,14,2856,3174,-318,1,oitavas,2,0,computed_from_games
251,16,2023-24,NBB,16,40,,UCO,27.8,36,10,26,5-13,5-13,5,13,5,13,2691,3021,-330,1,oitavas,2,0,computed_from_games
252,16,2023-24,NBB,17,39,,CER,22.2,36,8,28,4-14,4-14,4,14,4,14,2698,2809,-111,0,não classificou,0,0,computed_from_games
253,16,2023-24,NBB,18,28,,CAX,22.2,36,8,28,4-14,4-14,4,14,4,14,2610,2935,-325,0,não classificou,0,0,computed_from_games
254,16,2023-24,NBB,19,34,,BRA,13.9,36,5,31,3-15,2-16,3,15,2,16,2647,3201,-554,0,não classificou,0,0,computed_from_games
255,17,2024-25,NBB,1,11,,MIN,85.3,34,29,5,16-1,13-4,16,1,13,4,2796,2411,385,1,vice-campeão,5,0,computed_from_games
256,17,2024-25,NBB,2,6,,FLA,76.5,34,26,8,14-3,12-5,14,3,12,5,2879,2587,292,1,semifinal,4,0,computed_from_games
257,17,2024-25,NBB,3,7,,FRA,73.5,34,25,9,14-3,11-6,14,3,11,6,2877,2572,305,1,campeão,6,1,computed_from_games
258,17,2024-25,NBB,4,13,,PIN,55.9,34,19,15,11-6,8-9,11,6,8,9,2612,2540,72,1,quartas,3,0,computed_from_games
259,17,2024-25,NBB,5,34,,BRA,55.9,34,19,15,12-5,7-10,12,5,7,10,2759,2732,27,1,oitavas,2,0,computed_from_games
260,17,2024-25,NBB,6,3,,BAU,55.9,34,19,15,13-4,6-11,13,4,6,11,2678,2669,9,1,semifinal,4,0,computed_from_games
261,17,2024-25,NBB,7,31,,VAS,52.9,34,18,16,11-6,7-10,11,6,7,10,2599,2588,11,1,quartas,3,0,computed_from_games
262,17,2024-25,NBB,8,40,,UCO,52.9,34,18,16,12-5,6-11,12,5,6,11,2654,2734,-80,1,oitavas,2,0,computed_from_games
263,17,2024-25,NBB,9,35,,COR,50.0,34,17,17,9-8,8-9,9,8,8,9,2776,2709,67,1,quartas,3,0,computed_from_games
264,17,2024-25,NBB,10,15,,SJO,50.0,34,17,17,10-7,7-10,10,7,7,10,2658,2656,2,1,oitavas,2,0,computed_from_games
265,17,2024-25,NBB,11,38,,UFC,47.1,34,16,18,8-9,8-9,8,9,8,9,2561,2565,-4,1,oitavas,2,0,computed_from_games
266,17,2024-25,NBB,12,12,,CAP,44.1,34,15,19,8-9,7-10,8,9,7,10,2645,2592,53,1,oitavas,2,0,computed_from_games
267,17,2024-25,NBB,13,36,,PAT,38.2,34,13,21,9-8,4-13,9,8,4,13,2771,2834,-63,1,oitavas,2,0,computed_from_games
268,17,2024-25,NBB,14,37,,SAO,38.2,34,13,21,9-8,4-13,9,8,4,13,2596,2710,-114,1,quartas,3,0,computed_from_games
269,17,2024-25,NBB,15,22,,MOG,32.4,34,11,23,8-9,3-14,8,9,3,14,2532,2760,-228,1,oitavas,2,0,computed_from_games
270,17,2024-25,NBB,16,28,,CAX,32.4,34,11,23,9-8,2-15,9,8,2,15,2528,2758,-230,1,oitavas,2,0,computed_from_games
271,17,2024-25,NBB,17,21,,FOR,29.4,34,10,24,6-11,4-13,6,11,4,13,2452,2652,-200,0,não classificou,0,0,computed_from_games
272,17,2024-25,NBB,18,32,,BOT,29.4,34,10,24,6-11,4-13,6,11,4,13,2486,2790,-304,0,não classificou,0,0,computed_from_games
273,18,2025-26,NBB,1,7,,FRA,84.2,38,32,6,16-3,16-3,16,3,16,3,3451,2922,529,1,campeão,6,1,computed_from_games
274,18,2025-26,NBB,2,13,,PIN,78.9,38,30,8,18-1,12-7,18,1,12,7,3240,2815,425,1,vice-campeão,5,0,computed_from_games
275,18,2025-26,NBB,3,11,,MIN,76.3,38,29,9,16-3,13-6,16,3,13,6,3344,3086,258,1,quartas,3,0,computed_from_games
276,18,2025-26,NBB,4,34,,BRA,73.7,38,28,10,17-2,11-8,17,2,11,8,3101,2735,366,1,semifinal,4,0,computed_from_games
277,18,2025-26,NBB,5,6,,FLA,73.7,38,28,10,16-3,12-7,16,3,12,7,3324,3002,322,1,quartas,3,0,computed_from_games
278,18,2025-26,NBB,6,35,,COR,71.1,38,27,11,15-4,12-7,15,4,12,7,3237,3016,221,1,semifinal,4,0,computed_from_games
279,18,2025-26,NBB,7,12,,CAP,63.2,38,24,14,15-4,9-10,15,4,9,10,3164,2969,195,1,quartas,3,0,computed_from_games
280,18,2025-26,NBB,8,15,,SJO,57.9,38,22,16,13-6,9-10,13,6,9,10,3118,3061,57,1,oitavas,2,0,computed_from_games
281,18,2025-26,NBB,9,22,,MOG,55.3,38,21,17,12-7,9-10,12,7,9,10,2907,2708,199,1,quartas,3,0,computed_from_games
282,18,2025-26,NBB,10,3,,BAU,55.3,38,21,17,14-5,7-12,14,5,7,12,3077,3034,43,1,oitavas,2,0,computed_from_games
283,18,2025-26,NBB,11,38,,UFC,52.6,38,20,18,12-7,8-11,12,7,8,11,3102,3057,45,1,oitavas,2,0,computed_from_games
284,18,2025-26,NBB,12,40,,UCO,50.0,38,19,19,14-5,5-14,14,5,5,14,3046,3112,-66,1,oitavas,2,0,computed_from_games
285,18,2025-26,NBB,13,28,,CAX,44.7,38,17,21,9-10,8-11,9,10,8,11,2811,2917,-106,1,oitavas,2,0,computed_from_games
286,18,2025-26,NBB,14,42,,CRU,34.2,38,13,25,7-12,6-13,7,12,6,13,3049,3246,-197,1,oitavas,2,0,computed_from_games
287,18,2025-26,NBB,15,27,,RCB,31.6,38,12,26,8-11,4-15,8,11,4,15,2987,3242,-255,1,oitavas,2,0,computed_from_games
288,18,2025-26,NBB,16,32,,BOT,26.3,38,10,28,7-12,3-16,7,12,3,16,2793,3183,-390,1,oitavas,2,0,computed_from_games
289,18,2025-26,NBB,17,36,,PAT,18.4,38,7,31,5-14,2-17,5,14,2,17,2732,3070,-338,0,não classificou,0,0,computed_from_games
290,18,2025-26,NBB,18,41,,OSA,18.4,38,7,31,5-14,2-17,5,14,2,17,2890,3337,-447,0,não classificou,0,0,computed_from_games
291,18,2025-26,NBB,19,21,,FOR,18.4,38,7,31,5-14,2-17,5,14,2,17,2895,3379,-484,0,não classificou,0,0,computed_from_games
292,18,2025-26,NBB,20,31,,VAS,15.8,38,6,32,3-16,3-16,3,16,3,16,2718,3095,-377,0,não classificou,0,0,computed_from_games
